-- phpMyAdmin SQL Dump
-- version 5.2.1
-- https://www.phpmyadmin.net/
--
-- Host: 127.0.0.1
-- Waktu pembuatan: 12 Jul 2025 pada 17.51
-- Versi server: 10.4.32-MariaDB
-- Versi PHP: 8.1.25

SET SQL_MODE = "NO_AUTO_VALUE_ON_ZERO";
START TRANSACTION;
SET time_zone = "+00:00";


/*!40101 SET @OLD_CHARACTER_SET_CLIENT=@@CHARACTER_SET_CLIENT */;
/*!40101 SET @OLD_CHARACTER_SET_RESULTS=@@CHARACTER_SET_RESULTS */;
/*!40101 SET @OLD_COLLATION_CONNECTION=@@COLLATION_CONNECTION */;
/*!40101 SET NAMES utf8mb4 */;

--
-- Database: `c45`
--

-- --------------------------------------------------------

--
-- Struktur dari tabel `kriteria`
--

CREATE TABLE `kriteria` (
  `id_kriteria` int(11) NOT NULL,
  `nama_kriteria` varchar(50) DEFAULT NULL
) ENGINE=InnoDB DEFAULT CHARSET=utf8mb4 COLLATE=utf8mb4_general_ci;

--
-- Dumping data untuk tabel `kriteria`
--

INSERT INTO `kriteria` (`id_kriteria`, `nama_kriteria`) VALUES
(1, 'Harga'),
(2, 'Keamanan'),
(3, 'Lokasi'),
(4, 'Fasilitas'),
(5, 'Pelayanan'),
(6, 'Empati'),
(7, 'Kenyamanan'),
(8, 'Kelengkapan Barang'),
(9, 'Kualitas Produk'),
(10, 'Merk'),
(11, 'Diskon'),
(12, 'Daya Tanggap'),
(13, 'Promosi'),
(14, 'Respon'),
(15, 'Bukti Fisik'),
(16, 'Garansi'),
(17, 'Kecepatan Layanan'),
(18, 'Trend'),
(19, 'Kepuasan');

-- --------------------------------------------------------

--
-- Struktur dari tabel `nilai_kriteria`
--

CREATE TABLE `nilai_kriteria` (
  `id_nilai` int(11) NOT NULL,
  `id_kriteria` int(11) DEFAULT NULL,
  `nilai` varchar(50) DEFAULT NULL
) ENGINE=InnoDB DEFAULT CHARSET=utf8mb4 COLLATE=utf8mb4_general_ci;

--
-- Dumping data untuk tabel `nilai_kriteria`
--

INSERT INTO `nilai_kriteria` (`id_nilai`, `id_kriteria`, `nilai`) VALUES
(1, 1, 'Mahal'),
(2, 1, 'Sama (dengan harga toko diluar)'),
(3, 1, 'Murah'),
(4, 2, 'Aman'),
(5, 2, 'Cukup Aman'),
(6, 2, 'Kurang Aman'),
(7, 3, 'Sangat Strategis'),
(8, 3, 'Cukup Strategis'),
(9, 3, 'Sangat Lengkap'),
(10, 4, 'Sangat Lengkap'),
(11, 4, 'Lengkap'),
(12, 4, 'Cukup Lengkap'),
(13, 4, 'Tidak Lengkap'),
(14, 5, 'Sangat Baik'),
(15, 5, 'Cukup Baik'),
(16, 5, 'Tidak Baik'),
(17, 6, 'Sangat Baik'),
(18, 6, 'Cukup Baik'),
(19, 6, 'Tidak Baik'),
(20, 7, 'Sangat Nyaman'),
(21, 7, 'Cukup Nyaman'),
(22, 7, 'Tidak Nyaman'),
(23, 8, 'Sangat Lengkap'),
(24, 8, 'Cukup Lengkap'),
(25, 8, 'Tidak Lengkap'),
(26, 9, 'Sangat Baik'),
(27, 9, 'Baik'),
(28, 9, 'Cukup Baik'),
(29, 9, 'Tidak Baik'),
(30, 10, 'Sangat Baik'),
(31, 10, 'Cukup Baik'),
(32, 10, 'Tidak Baik'),
(33, 11, 'Sangat Baik'),
(34, 11, 'Cukup Baik'),
(35, 11, 'Tidak Baik'),
(36, 12, 'Sangat Baik'),
(37, 12, 'Cukup Baik'),
(38, 12, 'Tidak Baik'),
(39, 13, 'Sangat Baik'),
(40, 13, 'Cukup Baik'),
(41, 13, 'Tidak Baik'),
(42, 14, 'Sangat Cepat'),
(43, 14, 'Cukup Cepat'),
(44, 14, 'Tidak Cepat'),
(45, 15, 'Sangat Baik'),
(46, 15, 'Cukup Baik'),
(47, 15, 'Tidak Baik'),
(48, 16, 'Ada'),
(49, 16, 'Tidak ada'),
(50, 17, 'Sangat Cepat'),
(51, 17, 'Cukup Cepat'),
(52, 17, 'Tidak Cepat'),
(53, 18, 'Sangat Baik'),
(54, 18, 'Cukup Baik'),
(55, 18, 'Tidak Baik'),
(56, 19, 'Puas'),
(57, 19, 'Tidak Puas');

-- --------------------------------------------------------

--
-- Struktur dari tabel `penilaian`
--

CREATE TABLE `penilaian` (
  `id_penilaian` int(11) NOT NULL,
  `id_responden` int(11) DEFAULT NULL,
  `id_kriteria` int(11) DEFAULT NULL,
  `id_nilai` int(11) DEFAULT NULL
) ENGINE=InnoDB DEFAULT CHARSET=utf8mb4 COLLATE=utf8mb4_general_ci;

--
-- Dumping data untuk tabel `penilaian`
--

INSERT INTO `penilaian` (`id_penilaian`, `id_responden`, `id_kriteria`, `id_nilai`) VALUES
(1, 1, 1, 3),
(2, 1, 2, 4),
(3, 1, 3, 8),
(4, 1, 4, 12),
(5, 1, 5, 15),
(6, 1, 6, 18),
(7, 1, 7, 21),
(8, 1, 8, 24),
(9, 1, 9, 26),
(10, 1, 10, 31),
(11, 1, 11, 33),
(12, 1, 12, 36),
(13, 1, 13, 39),
(14, 1, 14, 43),
(15, 1, 15, 46),
(16, 1, 16, 49),
(17, 1, 17, 51),
(18, 1, 18, 53),
(19, 1, 19, 56),
(20, 2, 1, 2),
(21, 2, 2, 4),
(22, 2, 3, 8),
(23, 2, 4, 12),
(24, 2, 5, 14),
(25, 2, 6, 17),
(26, 2, 7, 20),
(27, 2, 8, 24),
(28, 2, 9, 26),
(29, 2, 10, 30),
(30, 2, 11, 33),
(31, 2, 12, 36),
(32, 2, 13, 39),
(33, 2, 14, 43),
(34, 2, 15, 45),
(35, 2, 16, 48),
(36, 2, 17, 51),
(37, 2, 18, 53),
(38, 2, 19, 56),
(39, 3, 1, 2),
(40, 3, 2, 4),
(41, 3, 3, 7),
(42, 3, 4, 10),
(43, 3, 5, 14),
(44, 3, 6, 17),
(45, 3, 7, 20),
(46, 3, 8, 23),
(47, 3, 9, 26),
(48, 3, 10, 30),
(49, 3, 11, 33),
(50, 3, 12, 36),
(51, 3, 13, 39),
(52, 3, 14, 42),
(53, 3, 15, 45),
(54, 3, 16, 48),
(55, 3, 17, 50),
(56, 3, 18, 53),
(57, 3, 19, 56),
(58, 4, 1, 2),
(59, 4, 2, 4),
(60, 4, 3, 8),
(61, 4, 4, 12),
(62, 4, 5, 14),
(63, 4, 6, 17),
(64, 4, 7, 20),
(65, 4, 8, 24),
(66, 4, 9, 28),
(67, 4, 10, 31),
(68, 4, 11, 34),
(69, 4, 12, 36),
(70, 4, 13, 39),
(71, 4, 14, 43),
(72, 4, 15, 46),
(73, 4, 16, 48),
(74, 4, 17, 51),
(75, 4, 18, 53),
(76, 4, 19, 56),
(77, 5, 1, 3),
(78, 5, 2, 4),
(79, 5, 3, 7),
(80, 5, 4, 10),
(81, 5, 5, 14),
(82, 5, 6, 17),
(83, 5, 7, 20),
(84, 5, 8, 23),
(85, 5, 9, 26),
(86, 5, 10, 30),
(87, 5, 11, 33),
(88, 5, 12, 36),
(89, 5, 13, 39),
(90, 5, 14, 42),
(91, 5, 15, 45),
(92, 5, 16, 49),
(93, 5, 17, 50),
(94, 5, 18, 53),
(95, 5, 19, 56),
(96, 6, 1, 2),
(97, 6, 2, 4),
(98, 6, 3, 7),
(99, 6, 4, 10),
(100, 6, 5, 14),
(101, 6, 6, 17),
(102, 6, 7, 20),
(103, 6, 8, 23),
(104, 6, 9, 26),
(105, 6, 10, 30),
(106, 6, 11, 33),
(107, 6, 12, 36),
(108, 6, 13, 39),
(109, 6, 14, 42),
(110, 6, 15, 45),
(111, 6, 16, 49),
(112, 6, 17, 50),
(113, 6, 18, 53),
(114, 6, 19, 56),
(115, 7, 1, 3),
(116, 7, 2, 4),
(117, 7, 3, 7),
(118, 7, 4, 12),
(119, 7, 5, 15),
(120, 7, 6, 18),
(121, 7, 7, 20),
(122, 7, 8, 24),
(123, 7, 9, 26),
(124, 7, 10, 31),
(125, 7, 11, 34),
(126, 7, 12, 37),
(127, 7, 13, 39),
(128, 7, 14, 43),
(129, 7, 15, 46),
(130, 7, 16, 49),
(131, 7, 17, 51),
(132, 7, 18, 53),
(133, 7, 19, 56),
(134, 8, 1, 3),
(135, 8, 2, 4),
(136, 8, 3, 8),
(137, 8, 4, 12),
(138, 8, 5, 15),
(139, 8, 6, 18),
(140, 8, 7, 21),
(141, 8, 8, 24),
(142, 8, 9, 28),
(143, 8, 10, 31),
(144, 8, 11, 33),
(145, 8, 12, 37),
(146, 8, 13, 40),
(147, 8, 14, 43),
(148, 8, 15, 46),
(149, 8, 16, 49),
(150, 8, 17, 51),
(151, 8, 18, 54),
(152, 8, 19, 56),
(153, 9, 1, 3),
(154, 9, 2, 5),
(155, 9, 3, 8),
(156, 9, 4, 12),
(157, 9, 5, 15),
(158, 9, 6, 18),
(159, 9, 7, 21),
(160, 9, 8, 24),
(161, 9, 9, 28),
(162, 9, 10, 31),
(163, 9, 11, 34),
(164, 9, 12, 37),
(165, 9, 13, 40),
(166, 9, 14, 43),
(167, 9, 15, 46),
(168, 9, 16, 48),
(169, 9, 17, 51),
(170, 9, 18, 54),
(171, 9, 19, 56),
(172, 10, 1, 3),
(173, 10, 2, 4),
(174, 10, 3, 7),
(175, 10, 4, 12),
(176, 10, 5, 14),
(177, 10, 6, 18),
(178, 10, 7, 21),
(179, 10, 8, 24),
(180, 10, 9, 28),
(181, 10, 10, 31),
(182, 10, 11, 34),
(183, 10, 12, 37),
(184, 10, 13, 40),
(185, 10, 14, 43),
(186, 10, 15, 46),
(187, 10, 16, 48),
(188, 10, 17, 51),
(189, 10, 18, 54),
(190, 10, 19, 56),
(191, 11, 1, 3),
(192, 11, 2, 4),
(193, 11, 3, 7),
(194, 11, 4, 12),
(195, 11, 5, 14),
(196, 11, 6, 18),
(197, 11, 7, 21),
(198, 11, 8, 24),
(199, 11, 9, 28),
(200, 11, 10, 31),
(201, 11, 11, 34),
(202, 11, 12, 37),
(203, 11, 13, 40),
(204, 11, 14, 43),
(205, 11, 15, 46),
(206, 11, 16, 49),
(207, 11, 17, 51),
(208, 11, 18, 54),
(209, 11, 19, 56),
(210, 12, 1, 3),
(211, 12, 2, 4),
(212, 12, 3, 8),
(213, 12, 4, 10),
(214, 12, 5, 14),
(215, 12, 6, 17),
(216, 12, 7, 20),
(217, 12, 8, 24),
(218, 12, 9, 28),
(219, 12, 10, 30),
(220, 12, 11, 33),
(221, 12, 12, 36),
(222, 12, 13, 39),
(223, 12, 14, 42),
(224, 12, 15, 45),
(225, 12, 16, 49),
(226, 12, 17, 50),
(227, 12, 18, 53),
(228, 12, 19, 56),
(229, 13, 1, 3),
(230, 13, 2, 4),
(231, 13, 3, 8),
(232, 13, 4, 10),
(233, 13, 5, 14),
(234, 13, 6, 17),
(235, 13, 7, 20),
(236, 13, 8, 23),
(237, 13, 9, 26),
(238, 13, 10, 30),
(239, 13, 11, 33),
(240, 13, 12, 36),
(241, 13, 13, 39),
(242, 13, 14, 42),
(243, 13, 15, 45),
(244, 13, 16, 49),
(245, 13, 17, 50),
(246, 13, 18, 53),
(247, 13, 19, 56),
(248, 14, 1, 2),
(249, 14, 2, 4),
(250, 14, 3, 8),
(251, 14, 4, 12),
(252, 14, 5, 15),
(253, 14, 6, 18),
(254, 14, 7, 20),
(255, 14, 8, 23),
(256, 14, 9, 26),
(257, 14, 10, 30),
(258, 14, 11, 34),
(259, 14, 12, 37),
(260, 14, 13, 39),
(261, 14, 14, 42),
(262, 14, 15, 45),
(263, 14, 16, 49),
(264, 14, 17, 50),
(265, 14, 18, 54),
(266, 14, 19, 56),
(267, 15, 1, 3),
(268, 15, 2, 5),
(269, 15, 3, 8),
(270, 15, 4, 10),
(271, 15, 5, 15),
(272, 15, 6, 18),
(273, 15, 7, 20),
(274, 15, 8, 24),
(275, 15, 9, 28),
(276, 15, 10, 31),
(277, 15, 11, 34),
(278, 15, 12, 36),
(279, 15, 13, 40),
(280, 15, 14, 42),
(281, 15, 15, 46),
(282, 15, 16, 48),
(283, 15, 17, 51),
(284, 15, 18, 54),
(285, 15, 19, 56),
(286, 16, 1, 3),
(287, 16, 2, 4),
(288, 16, 3, 8),
(289, 16, 4, 12),
(290, 16, 5, 15),
(291, 16, 6, 18),
(292, 16, 7, 20),
(293, 16, 8, 24),
(294, 16, 9, 28),
(295, 16, 10, 31),
(296, 16, 11, 34),
(297, 16, 12, 36),
(298, 16, 13, 39),
(299, 16, 14, 42),
(300, 16, 15, 45),
(301, 16, 16, 49),
(302, 16, 17, 50),
(303, 16, 18, 54),
(304, 16, 19, 56),
(305, 17, 1, 3),
(306, 17, 2, 4),
(307, 17, 3, 8),
(308, 17, 4, 12),
(309, 17, 5, 15),
(310, 17, 6, 18),
(311, 17, 7, 21),
(312, 17, 8, 23),
(313, 17, 9, 28),
(314, 17, 10, 31),
(315, 17, 11, 34),
(316, 17, 12, 37),
(317, 17, 13, 39),
(318, 17, 14, 43),
(319, 17, 15, 45),
(320, 17, 16, 49),
(321, 17, 17, 51),
(322, 17, 18, 54),
(323, 17, 19, 56),
(324, 18, 1, 3),
(325, 18, 2, 5),
(326, 18, 3, 7),
(327, 18, 4, 12),
(328, 18, 5, 15),
(329, 18, 6, 18),
(330, 18, 7, 20),
(331, 18, 8, 23),
(332, 18, 9, 28),
(333, 18, 10, 31),
(334, 18, 11, 34),
(335, 18, 12, 37),
(336, 18, 13, 39),
(337, 18, 14, 43),
(338, 18, 15, 46),
(339, 18, 16, 48),
(340, 18, 17, 50),
(341, 18, 18, 54),
(342, 18, 19, 56),
(343, 19, 1, 1),
(344, 19, 2, 4),
(345, 19, 3, 8),
(346, 19, 4, 12),
(347, 19, 5, 15),
(348, 19, 6, 18),
(349, 19, 7, 21),
(350, 19, 8, 24),
(351, 19, 9, 28),
(352, 19, 10, 31),
(353, 19, 11, 34),
(354, 19, 12, 37),
(355, 19, 13, 41),
(356, 19, 14, 43),
(357, 19, 15, 47),
(358, 19, 16, 49),
(359, 19, 17, 52),
(360, 19, 18, 54),
(361, 19, 19, 56),
(362, 20, 1, 3),
(363, 20, 2, 4),
(364, 20, 3, 8),
(365, 20, 4, 12),
(366, 20, 5, 15),
(367, 20, 6, 18),
(368, 20, 7, 20),
(369, 20, 8, 23),
(370, 20, 9, 28),
(371, 20, 10, 31),
(372, 20, 11, 34),
(373, 20, 12, 37),
(374, 20, 13, 40),
(375, 20, 14, 43),
(376, 20, 15, 46),
(377, 20, 16, 49),
(378, 20, 17, 51),
(379, 20, 18, 54),
(380, 20, 19, 56),
(381, 21, 1, 3),
(382, 21, 2, 4),
(383, 21, 3, 7),
(384, 21, 4, 12),
(385, 21, 5, 15),
(386, 21, 6, 18),
(387, 21, 7, 20),
(388, 21, 8, 24),
(389, 21, 9, 28),
(390, 21, 10, 31),
(391, 21, 11, 33),
(392, 21, 12, 37),
(393, 21, 13, 39),
(394, 21, 14, 43),
(395, 21, 15, 46),
(396, 21, 16, 48),
(397, 21, 17, 51),
(398, 21, 18, 54),
(399, 21, 19, 56),
(400, 22, 1, 1),
(401, 22, 2, 4),
(402, 22, 3, 7),
(403, 22, 4, 10),
(404, 22, 5, 14),
(405, 22, 6, 17),
(406, 22, 7, 20),
(407, 22, 8, 23),
(408, 22, 9, 26),
(409, 22, 10, 30),
(410, 22, 11, 33),
(411, 22, 12, 36),
(412, 22, 13, 39),
(413, 22, 14, 42),
(414, 22, 15, 45),
(415, 22, 16, 49),
(416, 22, 17, 50),
(417, 22, 18, 53),
(418, 22, 19, 56),
(419, 23, 1, 2),
(420, 23, 2, 5),
(421, 23, 3, 8),
(422, 23, 4, 10),
(423, 23, 5, 15),
(424, 23, 6, 18),
(425, 23, 7, 20),
(426, 23, 8, 24),
(427, 23, 9, 28),
(428, 23, 10, 31),
(429, 23, 11, 33),
(430, 23, 12, 36),
(431, 23, 13, 40),
(432, 23, 14, 43),
(433, 23, 15, 46),
(434, 23, 16, 49),
(435, 23, 17, 51),
(436, 23, 18, 54),
(437, 23, 19, 56),
(438, 24, 1, 2),
(439, 24, 2, 4),
(440, 24, 3, 7),
(441, 24, 4, 12),
(442, 24, 5, 14),
(443, 24, 6, 17),
(444, 24, 7, 20),
(445, 24, 8, 23),
(446, 24, 9, 29),
(447, 24, 10, 31),
(448, 24, 11, 33),
(449, 24, 12, 38),
(450, 24, 13, 40),
(451, 24, 14, 42),
(452, 24, 15, 45),
(453, 24, 16, 49),
(454, 24, 17, 50),
(455, 24, 18, 53),
(456, 24, 19, 57),
(457, 25, 1, 1),
(458, 25, 2, 4),
(459, 25, 3, 7),
(460, 25, 4, 12),
(461, 25, 5, 16),
(462, 25, 6, 19),
(463, 25, 7, 21),
(464, 25, 8, 23),
(465, 25, 9, 26),
(466, 25, 10, 30),
(467, 25, 11, 33),
(468, 25, 12, 36),
(469, 25, 13, 40),
(470, 25, 14, 44),
(471, 25, 15, 45),
(472, 25, 16, 49),
(473, 25, 17, 50),
(474, 25, 18, 53),
(475, 25, 19, 57),
(476, 26, 1, 2),
(477, 26, 2, 5),
(478, 26, 3, 7),
(479, 26, 4, 12),
(480, 26, 5, 15),
(481, 26, 6, 17),
(482, 26, 7, 20),
(483, 26, 8, 24),
(484, 26, 9, 26),
(485, 26, 10, 31),
(486, 26, 11, 34),
(487, 26, 12, 37),
(488, 26, 13, 40),
(489, 26, 14, 42),
(490, 26, 15, 46),
(491, 26, 16, 49),
(492, 26, 17, 52),
(493, 26, 18, 54),
(494, 26, 19, 56),
(495, 27, 1, 1),
(496, 27, 2, 5),
(497, 27, 3, 8),
(498, 27, 4, 13),
(499, 27, 5, 15),
(500, 27, 6, 18),
(501, 27, 7, 20),
(502, 27, 8, 25),
(503, 27, 9, 28),
(504, 27, 10, 31),
(505, 27, 11, 33),
(506, 27, 12, 37),
(507, 27, 13, 40),
(508, 27, 14, 42),
(509, 27, 15, 46),
(510, 27, 16, 48),
(511, 27, 17, 52),
(512, 27, 18, 54),
(513, 27, 19, 56),
(514, 28, 1, 3),
(515, 28, 2, 5),
(516, 28, 3, 8),
(517, 28, 4, 12),
(518, 28, 5, 14),
(519, 28, 6, 17),
(520, 28, 7, 20),
(521, 28, 8, 23),
(522, 28, 9, 29),
(523, 28, 10, 32),
(524, 28, 11, 33),
(525, 28, 12, 36),
(526, 28, 13, 40),
(527, 28, 14, 42),
(528, 28, 15, 47),
(529, 28, 16, 48),
(530, 28, 17, 50),
(531, 28, 18, 53),
(532, 28, 19, 57),
(533, 29, 1, 2),
(534, 29, 2, 5),
(535, 29, 3, 7),
(536, 29, 4, 12),
(537, 29, 5, 15),
(538, 29, 6, 18),
(539, 29, 7, 20),
(540, 29, 8, 24),
(541, 29, 9, 28),
(542, 29, 10, 30),
(543, 29, 11, 33),
(544, 29, 12, 37),
(545, 29, 13, 40),
(546, 29, 14, 44),
(547, 29, 15, 46),
(548, 29, 16, 49),
(549, 29, 17, 51),
(550, 29, 18, 54),
(551, 29, 19, 56),
(552, 30, 1, 2),
(553, 30, 2, 4),
(554, 30, 4, 13),
(555, 30, 5, 14),
(556, 30, 6, 19),
(557, 30, 7, 20),
(558, 30, 8, 23),
(559, 30, 9, 26),
(560, 30, 10, 30),
(561, 30, 11, 33),
(562, 30, 12, 36),
(563, 30, 13, 39),
(564, 30, 14, 42),
(565, 30, 15, 45),
(566, 30, 16, 49),
(567, 30, 17, 51),
(568, 30, 18, 54),
(569, 30, 19, 57),
(570, 31, 1, 1),
(571, 31, 2, 5),
(572, 31, 4, 12),
(573, 31, 5, 15),
(574, 31, 6, 17),
(575, 31, 7, 21),
(576, 31, 8, 24),
(577, 31, 9, 28),
(578, 31, 10, 31),
(579, 31, 11, 33),
(580, 31, 12, 37),
(581, 31, 13, 39),
(582, 31, 14, 42),
(583, 31, 15, 46),
(584, 31, 16, 49),
(585, 31, 17, 51),
(586, 31, 18, 53),
(587, 31, 19, 56),
(588, 32, 1, 2),
(589, 32, 2, 5),
(590, 32, 3, 7),
(591, 32, 4, 10),
(592, 32, 5, 14),
(593, 32, 6, 17),
(594, 32, 7, 20),
(595, 32, 8, 24),
(596, 32, 9, 29),
(597, 32, 10, 31),
(598, 32, 11, 35),
(599, 32, 12, 38),
(600, 32, 13, 39),
(601, 32, 14, 42),
(602, 32, 15, 45),
(603, 32, 16, 49),
(604, 32, 17, 51),
(605, 32, 18, 53),
(606, 32, 19, 57),
(607, 33, 1, 2),
(608, 33, 2, 4),
(609, 33, 3, 7),
(610, 33, 4, 12),
(611, 33, 5, 15),
(612, 33, 6, 19),
(613, 33, 7, 20),
(614, 33, 8, 23),
(615, 33, 9, 29),
(616, 33, 10, 32),
(617, 33, 11, 33),
(618, 33, 12, 36),
(619, 33, 13, 39),
(620, 33, 14, 42),
(621, 33, 15, 45),
(622, 33, 16, 49),
(623, 33, 17, 50),
(624, 33, 18, 53),
(625, 33, 19, 57),
(626, 34, 1, 2),
(627, 34, 2, 5),
(628, 34, 3, 7),
(629, 34, 4, 12),
(630, 34, 5, 15),
(631, 34, 6, 17),
(632, 34, 7, 21),
(633, 34, 8, 24),
(634, 34, 9, 26),
(635, 34, 10, 31),
(636, 34, 11, 33),
(637, 34, 12, 37),
(638, 34, 13, 40),
(639, 34, 14, 43),
(640, 34, 15, 45),
(641, 34, 16, 49),
(642, 34, 17, 51),
(643, 34, 18, 53),
(644, 34, 19, 56),
(645, 35, 1, 2),
(646, 35, 2, 5),
(647, 35, 3, 8),
(648, 35, 4, 10),
(649, 35, 5, 15),
(650, 35, 6, 17),
(651, 35, 7, 21),
(652, 35, 8, 24),
(653, 35, 9, 26),
(654, 35, 10, 31),
(655, 35, 11, 34),
(656, 35, 12, 37),
(657, 35, 13, 39),
(658, 35, 14, 42),
(659, 35, 15, 46),
(660, 35, 16, 49),
(661, 35, 17, 51),
(662, 35, 18, 53),
(663, 35, 19, 56),
(664, 36, 1, 2),
(665, 36, 2, 4),
(666, 36, 3, 7),
(667, 36, 4, 13),
(668, 36, 5, 14),
(669, 36, 6, 17),
(670, 36, 7, 20),
(671, 36, 8, 23),
(672, 36, 9, 29),
(673, 36, 10, 30),
(674, 36, 11, 33),
(675, 36, 12, 36),
(676, 36, 13, 39),
(677, 36, 14, 42),
(678, 36, 15, 45),
(679, 36, 16, 49),
(680, 36, 17, 50),
(681, 36, 18, 53),
(682, 36, 19, 57),
(683, 37, 1, 2),
(684, 37, 2, 4),
(685, 37, 4, 13),
(686, 37, 5, 14),
(687, 37, 6, 17),
(688, 37, 7, 20),
(689, 37, 8, 23),
(690, 37, 9, 28),
(691, 37, 10, 30),
(692, 37, 11, 33),
(693, 37, 12, 36),
(694, 37, 13, 41),
(695, 37, 14, 42),
(696, 37, 15, 45),
(697, 37, 16, 49),
(698, 37, 17, 50),
(699, 37, 18, 53),
(700, 37, 19, 57),
(701, 38, 1, 3),
(702, 38, 2, 5),
(703, 38, 3, 7),
(704, 38, 4, 12),
(705, 38, 5, 15),
(706, 38, 6, 17),
(707, 38, 7, 20),
(708, 38, 8, 24),
(709, 38, 9, 28),
(710, 38, 10, 31),
(711, 38, 11, 33),
(712, 38, 12, 36),
(713, 38, 13, 40),
(714, 38, 14, 44),
(715, 38, 15, 46),
(716, 38, 16, 49),
(717, 38, 17, 52),
(718, 38, 18, 54),
(719, 38, 19, 56),
(720, 39, 1, 2),
(721, 39, 2, 5),
(722, 39, 3, 8),
(723, 39, 4, 10),
(724, 39, 5, 15),
(725, 39, 6, 18),
(726, 39, 7, 21),
(727, 39, 8, 23),
(728, 39, 9, 26),
(729, 39, 10, 31),
(730, 39, 11, 34),
(731, 39, 12, 36),
(732, 39, 13, 39),
(733, 39, 14, 44),
(734, 39, 15, 46),
(735, 39, 16, 49),
(736, 39, 17, 51),
(737, 39, 18, 53),
(738, 39, 19, 56),
(739, 40, 1, 2),
(740, 40, 2, 4),
(741, 40, 3, 7),
(742, 40, 4, 10),
(743, 40, 5, 14),
(744, 40, 6, 19),
(745, 40, 7, 22),
(746, 40, 8, 23),
(747, 40, 9, 26),
(748, 40, 10, 30),
(749, 40, 11, 33),
(750, 40, 12, 38),
(751, 40, 13, 39),
(752, 40, 14, 42),
(753, 40, 15, 45),
(754, 40, 16, 49),
(755, 40, 17, 50),
(756, 40, 18, 53),
(757, 40, 19, 57),
(758, 41, 1, 2),
(759, 41, 2, 5),
(760, 41, 3, 7),
(761, 41, 4, 10),
(762, 41, 5, 15),
(763, 41, 6, 18),
(764, 41, 7, 20),
(765, 41, 8, 24),
(766, 41, 9, 26),
(767, 41, 10, 31),
(768, 41, 11, 33),
(769, 41, 12, 37),
(770, 41, 13, 40),
(771, 41, 14, 42),
(772, 41, 15, 46),
(773, 41, 16, 49),
(774, 41, 17, 51),
(775, 41, 18, 54),
(776, 41, 19, 56),
(777, 42, 1, 2),
(778, 42, 2, 5),
(779, 42, 3, 8),
(780, 42, 4, 10),
(781, 42, 5, 15),
(782, 42, 6, 17),
(783, 42, 7, 21),
(784, 42, 8, 24),
(785, 42, 9, 26),
(786, 42, 10, 30),
(787, 42, 11, 34),
(788, 42, 12, 37),
(789, 42, 13, 39),
(790, 42, 14, 42),
(791, 42, 15, 46),
(792, 42, 16, 49),
(793, 42, 17, 50),
(794, 42, 18, 54),
(795, 42, 19, 56),
(796, 43, 1, 2),
(797, 43, 2, 5),
(798, 43, 3, 7),
(799, 43, 4, 12),
(800, 43, 5, 15),
(801, 43, 6, 17),
(802, 43, 7, 20),
(803, 43, 8, 24),
(804, 43, 9, 26),
(805, 43, 10, 31),
(806, 43, 11, 34),
(807, 43, 12, 36),
(808, 43, 13, 40),
(809, 43, 14, 43),
(810, 43, 15, 46),
(811, 43, 16, 49),
(812, 43, 17, 51),
(813, 43, 18, 54),
(814, 43, 19, 56),
(815, 44, 1, 2),
(816, 44, 2, 5),
(817, 44, 3, 7),
(818, 44, 4, 10),
(819, 44, 5, 15),
(820, 44, 6, 18),
(821, 44, 7, 20),
(822, 44, 8, 25),
(823, 44, 9, 28),
(824, 44, 10, 31),
(825, 44, 11, 33),
(826, 44, 12, 37),
(827, 44, 13, 40),
(828, 44, 14, 43),
(829, 44, 15, 45),
(830, 44, 16, 49),
(831, 44, 17, 51),
(832, 44, 18, 53),
(833, 44, 19, 56),
(834, 45, 1, 2),
(835, 45, 2, 4),
(836, 45, 3, 8),
(837, 45, 4, 13),
(838, 45, 5, 15),
(839, 45, 6, 18),
(840, 45, 7, 21),
(841, 45, 8, 25),
(842, 45, 9, 28),
(843, 45, 10, 30),
(844, 45, 11, 33),
(845, 45, 12, 37),
(846, 45, 13, 40),
(847, 45, 14, 42),
(848, 45, 15, 46),
(849, 45, 16, 49),
(850, 45, 17, 51),
(851, 45, 18, 53),
(852, 45, 19, 57),
(853, 46, 1, 2),
(854, 46, 2, 5),
(855, 46, 3, 8),
(856, 46, 4, 10),
(857, 46, 5, 15),
(858, 46, 6, 18),
(859, 46, 7, 21),
(860, 46, 8, 23),
(861, 46, 9, 28),
(862, 46, 10, 31),
(863, 46, 11, 34),
(864, 46, 12, 36),
(865, 46, 13, 40),
(866, 46, 14, 43),
(867, 46, 15, 45),
(868, 46, 16, 49),
(869, 46, 17, 51),
(870, 46, 18, 54),
(871, 46, 19, 56),
(872, 47, 1, 2),
(873, 47, 2, 5),
(874, 47, 3, 8),
(875, 47, 4, 10),
(876, 47, 5, 15),
(877, 47, 6, 18),
(878, 47, 7, 20),
(879, 47, 8, 25),
(880, 47, 9, 28),
(881, 47, 10, 30),
(882, 47, 11, 34),
(883, 47, 12, 37),
(884, 47, 13, 40),
(885, 47, 14, 42),
(886, 47, 15, 46),
(887, 47, 16, 49),
(888, 47, 17, 51),
(889, 47, 18, 53),
(890, 47, 19, 56),
(891, 48, 1, 2),
(892, 48, 2, 4),
(893, 48, 3, 7),
(894, 48, 4, 12),
(895, 48, 5, 15),
(896, 48, 6, 18),
(897, 48, 7, 21),
(898, 48, 8, 25),
(899, 48, 9, 26),
(900, 48, 10, 30),
(901, 48, 11, 33),
(902, 48, 12, 37),
(903, 48, 13, 39),
(904, 48, 14, 43),
(905, 48, 15, 45),
(906, 48, 16, 49),
(907, 48, 17, 51),
(908, 48, 18, 53),
(909, 48, 19, 57),
(910, 49, 1, 2),
(911, 49, 2, 4),
(912, 49, 3, 7),
(913, 49, 4, 10),
(914, 49, 5, 14),
(915, 49, 6, 18),
(916, 49, 7, 21),
(917, 49, 8, 25),
(918, 49, 9, 28),
(919, 49, 10, 30),
(920, 49, 11, 33),
(921, 49, 12, 36),
(922, 49, 13, 40),
(923, 49, 14, 42),
(924, 49, 15, 46),
(925, 49, 16, 49),
(926, 49, 17, 51),
(927, 49, 18, 53),
(928, 49, 19, 57);

-- --------------------------------------------------------

--
-- Struktur dari tabel `responden`
--

CREATE TABLE `responden` (
  `id_responden` int(11) NOT NULL,
  `nama_responden` varchar(100) DEFAULT NULL,
  `usia` int(11) DEFAULT NULL,
  `email` varchar(150) DEFAULT NULL,
  `created_at` datetime DEFAULT NULL
) ENGINE=InnoDB DEFAULT CHARSET=utf8mb4 COLLATE=utf8mb4_general_ci;

--
-- Dumping data untuk tabel `responden`
--

INSERT INTO `responden` (`id_responden`, `nama_responden`, `usia`, `email`, `created_at`) VALUES
(1, NULL, 22, 'maharaniputri5781@gmail.com', '2025-06-19 11:13:48'),
(2, NULL, 22, 'dea.purwandari02@gmail.com', '2025-06-19 11:23:37'),
(3, NULL, 22, 'reynasalsaaa@gmail.com', '2025-06-19 11:25:28'),
(4, NULL, 21, 'pu3.virniasari@gmail.com', '2025-06-19 12:36:13'),
(5, NULL, 23, 'kekeleamn@gmail.com', '2025-06-19 20:55:00'),
(6, NULL, 23, 'difandaputri@gmail.com', '2025-06-19 20:56:24'),
(7, NULL, 23, 'fitveg98@gmail.com', '2025-06-20 13:17:17'),
(8, NULL, 21, 'auliamaperlinamaperrr@gmail.com', '2025-06-20 13:33:54'),
(9, NULL, 21, 'dinarputriramadani01@gmail.com', '2025-06-20 17:29:15'),
(10, NULL, 22, 'noviaastri355@gmail.com', '2025-06-20 21:01:43'),
(11, NULL, 22, 'suciina17@gmail.com', '2025-06-22 15:45:16'),
(12, NULL, 22, 'rifansa.anindita@gmail.com', '2025-06-22 21:26:44'),
(13, NULL, 22, 'aulianurazizah873@gmail.com', '2025-06-23 10:23:34'),
(14, NULL, 22, 'rirismaharani23@gmail.com', '2025-06-23 15:19:11'),
(15, NULL, 22, 'fahimarizma1234@gmail.com', '2025-06-23 15:29:20'),
(16, NULL, 23, 'adelarizky96@gmail.com', '2025-06-23 21:15:30'),
(17, NULL, 22, 'aisyafwldr@gmail.com', '2025-06-23 22:52:41'),
(18, NULL, 22, 'istiqamahnurul25@gmail.com', '2025-06-24 11:26:47'),
(19, NULL, 21, 'saruma124@gmail.com', '2025-06-24 11:41:17'),
(20, NULL, 22, 'aisa24sabila@gmail.com', '2025-06-24 12:09:17'),
(21, NULL, 23, 'nikenyuliana895@gmail.com', '2025-06-24 12:10:53'),
(22, NULL, 22, 'islachtri@gmail.com', '2025-06-24 12:45:18'),
(23, NULL, 23, 'bungalail05@gmail.com', '2025-06-29 13:09:12'),
(24, NULL, 22, 'muhammadkaleonandra@gmail.com', '2025-06-29 13:10:13'),
(25, NULL, 23, 'dindapameliaa2@gmail.com', '2025-06-29 14:16:44'),
(26, NULL, 22, 'ayusintadewi164@gmail.com', '2025-06-29 14:17:30'),
(27, NULL, 26, 'kaliyaaa0990@gmail.com', '2025-06-29 14:49:25'),
(28, NULL, 25, 'dhimasatriawijaya@gmail.com', '2025-06-29 15:16:54'),
(29, NULL, 26, 'kiaralaksamana@gmail.com', '2025-06-29 15:39:56'),
(30, NULL, 25, 'elindad30@gmail.com', '2025-06-29 15:53:34'),
(31, NULL, 27, 'sningrummm67@gmail.com', '2025-06-29 16:06:57'),
(32, NULL, 29, 'abdullahsamsudin2908@gmail.com', '2025-06-29 16:31:01'),
(33, NULL, 32, 'fatimahazizahmaharani@gmail.com', '2025-06-29 17:08:01'),
(34, NULL, 28, 'ngaye3897@gmail.com', '2025-06-29 17:21:18'),
(35, NULL, 26, 'rendybatik27@gmail.com', '2025-06-29 18:16:45'),
(36, NULL, 27, 'jordanjawara8@gmail.com', '2025-06-29 18:31:18'),
(37, NULL, 32, 'jakaanwari08@gmail.com', '2025-06-29 19:04:05'),
(38, NULL, 30, 'sokebahtere@gmail.com', '2025-06-29 19:14:14'),
(39, NULL, 31, 'sabeniraya81@gmail.com', '2025-06-29 19:50:38'),
(40, NULL, 25, 'falfareza353@gmail.com', '2025-06-29 19:52:57'),
(41, NULL, 28, 'wahyukusumma2@gmail.com', '2025-06-29 20:31:27'),
(42, NULL, 30, 'lw881707@gmail.com', '2025-06-29 21:09:08'),
(43, NULL, 29, 'ayusinta509@gmail.com', '2025-06-30 09:38:27'),
(44, NULL, 27, 'ayusntdw@gmail.com', '2025-06-30 11:03:35'),
(45, NULL, 27, 'wantianugrahh@gmail.com', '2025-06-30 11:17:27'),
(46, NULL, 23, 'ayusintadewi96@gmail.com', '2025-06-30 12:01:11'),
(47, NULL, 28, 'alifaoktavianii11@gmail.com', '2025-06-30 12:36:55'),
(48, NULL, 28, 'mfendisch@gmail.com', '2025-06-30 12:46:22'),
(49, NULL, 20, 'sastranarendra24@gmail.com', '2025-06-30 13:42:41');

-- --------------------------------------------------------

--
-- Struktur dari tabel `users`
--

CREATE TABLE `users` (
  `id` int(11) NOT NULL,
  `name` varchar(255) NOT NULL,
  `username` varchar(255) NOT NULL,
  `password` varchar(255) NOT NULL,
  `alamat` varchar(255) NOT NULL,
  `created_at` timestamp NULL DEFAULT NULL,
  `updated_at` timestamp NULL DEFAULT NULL,
  `role` varchar(20) NOT NULL DEFAULT 'kepala_toko'
) ENGINE=InnoDB DEFAULT CHARSET=utf8mb4 COLLATE=utf8mb4_general_ci;

--
-- Dumping data untuk tabel `users`
--

INSERT INTO `users` (`id`, `name`, `username`, `password`, `alamat`, `created_at`, `updated_at`, `role`) VALUES
(1, 'admin', 'admin', '0192023a7bbd73250516f069df18b500', '', NULL, NULL, 'admin'),
(2, 'Kepala Toko', 'kepalatoko', '16fa1255af215371bde440de1454cdc5', '', NULL, NULL, 'kepala_toko');

--
-- Indexes for dumped tables
--

--
-- Indeks untuk tabel `kriteria`
--
ALTER TABLE `kriteria`
  ADD PRIMARY KEY (`id_kriteria`);

--
-- Indeks untuk tabel `nilai_kriteria`
--
ALTER TABLE `nilai_kriteria`
  ADD PRIMARY KEY (`id_nilai`);

--
-- Indeks untuk tabel `penilaian`
--
ALTER TABLE `penilaian`
  ADD PRIMARY KEY (`id_penilaian`);

--
-- Indeks untuk tabel `responden`
--
ALTER TABLE `responden`
  ADD PRIMARY KEY (`id_responden`);

--
-- Indeks untuk tabel `users`
--
ALTER TABLE `users`
  ADD PRIMARY KEY (`id`);

--
-- AUTO_INCREMENT untuk tabel yang dibuang
--

--
-- AUTO_INCREMENT untuk tabel `kriteria`
--
ALTER TABLE `kriteria`
  MODIFY `id_kriteria` int(11) NOT NULL AUTO_INCREMENT, AUTO_INCREMENT=20;

--
-- AUTO_INCREMENT untuk tabel `nilai_kriteria`
--
ALTER TABLE `nilai_kriteria`
  MODIFY `id_nilai` int(11) NOT NULL AUTO_INCREMENT, AUTO_INCREMENT=58;

--
-- AUTO_INCREMENT untuk tabel `penilaian`
--
ALTER TABLE `penilaian`
  MODIFY `id_penilaian` int(11) NOT NULL AUTO_INCREMENT, AUTO_INCREMENT=929;

--
-- AUTO_INCREMENT untuk tabel `responden`
--
ALTER TABLE `responden`
  MODIFY `id_responden` int(11) NOT NULL AUTO_INCREMENT, AUTO_INCREMENT=50;

--
-- AUTO_INCREMENT untuk tabel `users`
--
ALTER TABLE `users`
  MODIFY `id` int(11) NOT NULL AUTO_INCREMENT, AUTO_INCREMENT=3;
COMMIT;

/*!40101 SET CHARACTER_SET_CLIENT=@OLD_CHARACTER_SET_CLIENT */;
/*!40101 SET CHARACTER_SET_RESULTS=@OLD_CHARACTER_SET_RESULTS */;
/*!40101 SET COLLATION_CONNECTION=@OLD_COLLATION_CONNECTION */;
